Frame_No,ObjID,x1,y1,x2,y2,Class_Name,Confidence,Direction,Aggregate_Count
1,9,386,55,596,139,car,0.26,N/A,0
1,8,1236,251,1438,616,bus,0.34,N/A,0
1,7,375,1,659,111,car,0.43,N/A,0
1,6,994,1,1163,194,car,0.52,N/A,0
1,5,728,65,957,341,truck,0.55,N/A,0
1,4,1248,4,1426,268,car,0.55,N/A,0
1,3,1237,252,1439,618,truck,0.61,N/A,0
1,2,193,123,698,352,car,0.78,N/A,0
1,1,1632,244,1919,512,car,0.83,N/A,0
2,9,386,55,596,139,car,0.26,N/A,0
2,8,1236,251,1438,616,bus,0.34,N/A,0
2,7,375,1,660,111,car,0.43,N/A,0
2,6,994,1,1163,194,car,0.51,N/A,0
2,5,728,65,957,341,truck,0.55,N/A,0
2,4,1248,4,1426,267,car,0.56,N/A,0
2,3,1237,252,1439,618,truck,0.61,N/A,0
2,2,193,123,698,352,car,0.78,N/A,0
2,1,1632,244,1919,512,car,0.83,N/A,0
3,14,1618,773,1871,1075,person,0.36,N/A,0
3,13,947,950,1256,1079,person,0.26,N/A,0
3,12,945,951,1261,1080,motorcycle,0.27,N/A,0
3,11,1740,772,1878,1015,person,0.3,N/A,0
3,10,1702,771,1872,1073,person,0.35,N/A,0
3,8,1236,257,1440,625,bus,0.41,N/A,0
3,7,377,1,662,112,car,0.35,N/A,0
3,6,992,0,1163,194,car,0.48,N/A,0
3,5,728,66,958,342,truck,0.49,N/A,0
3,4,1245,6,1427,279,car,0.47,N/A,0
3,3,1236,257,1440,625,bus,0.41,N/A,0
3,2,192,124,697,353,car,0.79,N/A,0
3,1,1624,226,1917,495,car,0.82,N/A,0
4,8,1236,259,1441,626,bus,0.42,N/A,0
4,7,377,1,662,112,car,0.35,N/A,0
4,6,991,1,1164,194,car,0.48,N/A,0
4,5,727,66,958,341,truck,0.49,N/A,0
4,4,1244,6,1427,282,car,0.47,N/A,0
4,3,1236,258,1440,627,bus,0.42,N/A,0
4,2,192,124,697,353,car,0.79,N/A,0
4,1,1621,224,1917,491,car,0.82,N/A,0
5,8,1235,261,1442,631,truck,0.42,N/A,0
5,7,366,1,660,113,car,0.38,N/A,0
5,6,992,1,1163,193,car,0.48,N/A,0
5,5,727,67,958,342,truck,0.56,N/A,0
5,4,1242,6,1426,288,car,0.54,N/A,0
5,3,1235,261,1442,630,truck,0.42,N/A,0
5,2,196,124,699,353,car,0.81,N/A,0
5,1,1615,218,1916,485,car,0.8,N/A,0
6,11,1744,792,1889,1072,person,0.31,N/A,0
6,8,1235,262,1442,633,bus,0.45,N/A,0
6,7,367,2,661,113,car,0.39,N/A,0
6,6,992,1,1163,193,car,0.48,N/A,0
6,5,727,67,958,342,truck,0.57,N/A,0
6,4,1241,6,1426,291,car,0.55,N/A,0
6,3,1235,262,1442,634,bus,0.45,N/A,0
6,2,195,124,698,353,car,0.81,N/A,0
6,1,1608,212,1915,479,car,0.81,N/A,0
7,11,1742,791,1890,1076,person,0.31,N/A,0
7,8,1234,263,1442,634,bus,0.43,N/A,0
7,7,367,2,662,113,car,0.39,N/A,0
7,6,992,1,1163,193,car,0.48,N/A,0
7,5,727,68,958,342,truck,0.57,N/A,0
7,4,1240,6,1426,292,car,0.56,N/A,0
7,3,1234,262,1442,635,bus,0.43,N/A,0
7,2,195,124,698,353,car,0.82,N/A,0
7,1,1605,210,1916,477,car,0.81,N/A,0
8,14,1617,854,1844,1094,person,0.26,N/A,0
8,11,1762,794,1897,1062,person,0.54,N/A,0
8,8,1234,265,1443,638,bus,0.37,N/A,0
8,7,365,2,659,114,car,0.4,N/A,0
8,6,992,1,1163,192,car,0.43,N/A,0
8,5,726,67,957,342,truck,0.6,N/A,0
8,4,1240,3,1426,288,car,0.5,N/A,0
8,3,1234,265,1443,638,bus,0.37,N/A,0
8,2,194,123,698,352,car,0.81,N/A,0
8,1,1602,200,1915,460,car,0.82,N/A,0
9,14,1619,884,1826,1092,person,0.26,N/A,0
9,11,1770,796,1898,1055,person,0.54,N/A,0
9,8,1233,266,1443,640,bus,0.37,N/A,0
9,7,365,3,657,114,car,0.4,N/A,0
9,6,992,1,1163,192,car,0.43,N/A,0
9,5,725,67,957,342,truck,0.6,N/A,0
9,4,1240,3,1425,286,car,0.5,N/A,0
9,3,1233,266,1443,640,bus,0.37,N/A,0
9,2,194,123,698,352,car,0.81,N/A,0
9,1,1600,197,1915,453,car,0.82,N/A,0
10,11,1782,800,1907,1048,person,0.52,N/A,0
10,8,1232,270,1444,646,bus,0.39,N/A,0
10,7,369,2,659,114,car,0.37,N/A,0
10,6,993,1,1163,192,car,0.46,N/A,0
10,5,725,66,957,342,truck,0.6,N/A,0
10,4,1241,3,1425,285,car,0.51,N/A,0
10,3,1232,270,1444,647,bus,0.39,N/A,0
10,2,192,123,696,350,car,0.75,N/A,0
10,1,1590,189,1912,441,car,0.83,N/A,0
11,17,995,0,1162,191,truck,0.34,N/A,0
11,11,1786,803,1909,1043,person,0.52,N/A,0
11,8,1232,270,1444,648,bus,0.39,N/A,0
11,7,372,2,659,114,car,0.37,N/A,0
11,6,993,1,1163,192,car,0.46,N/A,0
11,5,725,66,957,342,truck,0.6,N/A,0
11,4,1241,3,1425,284,car,0.51,N/A,0
11,3,1232,272,1444,649,truck,0.5,N/A,0
11,2,192,122,696,350,car,0.75,N/A,0
11,1,1585,188,1913,437,car,0.83,N/A,0
12,17,995,0,1162,191,truck,0.34,N/A,0
12,11,1787,805,1910,1040,person,0.51,N/A,0
12,8,1231,270,1444,649,bus,0.39,N/A,0
12,7,373,2,659,114,car,0.37,N/A,0
12,6,994,1,1163,192,car,0.46,N/A,0
12,5,725,66,956,342,truck,0.6,N/A,0
12,4,1241,4,1425,283,car,0.52,N/A,0
12,3,1232,272,1445,650,truck,0.5,N/A,0
12,2,191,122,695,350,car,0.75,N/A,0
12,1,1583,188,1914,435,car,0.83,N/A,0
13,19,386,52,602,140,car,0.29,N/A,0
13,11,1797,808,1916,1025,person,0.53,N/A,0
13,8,1232,277,1446,657,bus,0.37,N/A,0
13,7,376,2,659,115,car,0.43,N/A,0
13,6,993,1,1162,192,car,0.61,N/A,0
13,5,724,67,956,343,truck,0.5,N/A,0
13,4,1241,5,1425,285,car,0.57,N/A,0
13,3,1232,277,1446,656,bus,0.37,N/A,0
13,2,191,122,695,350,car,0.77,N/A,0
13,1,1569,175,1900,416,car,0.85,N/A,0
14,19,387,50,604,139,car,0.28,N/A,0
14,11,1802,813,1917,1015,person,0.37,N/A,0
14,8,1231,281,1447,661,truck,0.43,N/A,0
14,7,379,2,659,115,car,0.48,N/A,0
14,6,992,1,1160,193,car,0.6,N/A,0
14,5,724,65,956,342,truck,0.51,N/A,0
14,4,1242,5,1425,287,car,0.63,N/A,0
14,3,1231,279,1446,659,bus,0.35,N/A,0
14,2,191,122,696,350,car,0.75,N/A,0
14,1,1558,166,1888,403,car,0.83,N/A,0
15,19,389,50,606,139,car,0.33,N/A,0
15,11,1807,815,1916,994,person,0.49,N/A,0
15,8,1232,283,1448,666,truck,0.39,N/A,0
15,7,380,1,658,114,car,0.43,N/A,0
15,6,993,1,1160,193,car,0.52,N/A,0
15,5,723,65,956,343,truck,0.5,N/A,0
15,4,1241,7,1425,290,car,0.56,N/A,0
15,3,1231,282,1446,663,bus,0.34,N/A,0
15,2,189,123,695,351,car,0.77,N/A,0
15,1,1553,162,1881,395,car,0.83,N/A,0
16,20,845,960,987,1079,person,0.47,N/A,0
16,19,389,50,605,139,car,0.31,N/A,0
16,8,1232,286,1449,669,truck,0.45,N/A,0
16,7,379,0,657,111,car,0.42,N/A,0
16,6,993,1,1160,192,car,0.45,N/A,0
16,5,722,65,956,343,truck,0.47,N/A,0
16,4,1240,5,1424,287,car,0.51,N/A,0
16,2,185,123,693,352,car,0.8,N/A,0
16,1,1549,156,1874,387,car,0.8,N/A,0
17,22,381,24,623,131,car,0.25,N/A,0
17,20,837,964,972,1079,person,0.26,N/A,0
17,19,388,50,606,139,car,0.27,N/A,0
17,8,1231,289,1450,675,truck,0.45,N/A,0
17,7,374,0,656,109,car,0.38,N/A,0
17,6,994,1,1160,192,car,0.47,N/A,0
17,5,720,66,956,343,truck,0.44,N/A,0
17,4,1239,6,1424,288,car,0.49,N/A,0
17,2,180,123,691,352,car,0.81,N/A,0
17,1,1542,151,1865,382,car,0.84,N/A,0
18,23,1794,834,1916,1082,person,0.52,N/A,0
18,22,382,24,622,130,car,0.32,N/A,0
18,20,811,965,953,1080,person,0.3,N/A,0
18,19,388,50,606,139,car,0.34,N/A,0
18,8,1230,291,1450,679,truck,0.45,N/A,0
18,7,378,1,657,109,car,0.43,N/A,0
18,6,994,1,1160,192,car,0.54,N/A,0
18,5,721,65,957,342,truck,0.5,N/A,0
18,4,1240,4,1425,283,car,0.52,N/A,0
18,2,181,123,693,352,car,0.79,N/A,0
18,1,1539,146,1858,371,car,0.87,N/A,0
19,23,1788,836,1915,1082,person,0.57,N/A,0
19,22,388,24,623,130,car,0.28,N/A,0
19,20,813,965,963,1081,person,0.25,N/A,0
19,19,389,47,609,138,car,0.3,N/A,0
19,8,1230,292,1451,682,truck,0.46,N/A,0
19,7,382,1,658,110,car,0.45,N/A,0
19,6,994,1,1160,192,car,0.61,N/A,0
19,5,723,64,958,342,truck,0.51,N/A,0
19,4,1241,5,1425,281,car,0.53,N/A,0
19,3,1232,289,1449,675,bus,0.51,N/A,0
19,2,184,122,695,352,car,0.73,N/A,0
19,1,1536,142,1851,363,car,0.87,N/A,0
20,23,1770,837,1911,1085,person,0.65,N/A,0
20,21,741,967,979,1081,person,0.51,N/A,0
20,20,824,968,973,1081,person,0.28,N/A,0
20,19,388,50,608,140,car,0.31,N/A,0
20,8,1230,294,1453,686,truck,0.36,N/A,0
20,7,383,1,658,110,car,0.43,N/A,0
20,6,994,1,1160,193,car,0.59,N/A,0
20,5,723,64,958,342,truck,0.55,N/A,0
20,4,1242,5,1426,279,car,0.48,N/A,0
20,3,1232,293,1452,682,bus,0.59,N/A,0
20,2,186,121,696,351,car,0.72,N/A,0
20,1,1536,136,1845,354,car,0.84,N/A,0
21,23,1765,840,1912,1085,person,0.45,N/A,0
21,19,388,50,608,140,car,0.32,N/A,0
21,8,1230,296,1453,689,truck,0.36,N/A,0
21,7,383,1,657,110,car,0.43,N/A,0
21,6,995,1,1160,193,car,0.61,N/A,0
21,5,725,65,958,343,truck,0.52,N/A,0
21,4,1244,7,1426,279,car,0.59,N/A,0
21,3,1232,294,1452,685,bus,0.54,N/A,0
21,2,184,121,696,351,car,0.73,N/A,0
21,1,1536,131,1838,345,car,0.81,N/A,0
22,23,1767,844,1915,1084,person,0.32,N/A,0
22,19,390,47,610,138,car,0.29,N/A,0
22,8,1229,299,1453,694,truck,0.52,N/A,0
22,7,385,2,657,112,car,0.42,N/A,0
22,6,994,1,1160,193,car,0.59,N/A,0
22,5,724,64,957,343,truck,0.49,N/A,0
22,4,1244,7,1425,279,car,0.54,N/A,0
22,3,1231,298,1451,689,bus,0.47,N/A,0
22,2,183,122,696,352,car,0.79,N/A,0
22,1,1534,127,1831,338,car,0.78,N/A,0
23,23,1770,849,1917,1084,person,0.34,N/A,0
23,19,391,47,610,137,car,0.28,N/A,0
23,8,1229,302,1454,699,truck,0.43,N/A,0
23,7,386,2,657,112,car,0.41,N/A,0
23,6,994,1,1160,193,car,0.58,N/A,0
23,5,723,64,957,342,truck,0.52,N/A,0
23,4,1235,11,1422,294,car,0.46,N/A,0
23,3,1232,300,1453,692,bus,0.62,N/A,0
23,2,182,122,696,352,car,0.77,N/A,0
23,1,1530,122,1824,331,car,0.81,N/A,0
24,23,1771,852,1918,1083,person,0.34,N/A,0
24,21,747,981,882,1076,person,0.28,N/A,0
24,19,391,47,611,137,car,0.27,N/A,0
24,8,1229,303,1455,702,truck,0.43,N/A,0
24,7,386,2,657,112,car,0.41,N/A,0
24,6,994,1,1160,194,car,0.58,N/A,0
24,5,723,64,958,342,truck,0.52,N/A,0
24,4,1230,11,1421,301,car,0.46,N/A,0
24,3,1232,301,1454,694,bus,0.62,N/A,0
24,2,182,122,696,352,car,0.77,N/A,0
24,1,1529,121,1821,327,car,0.81,N/A,0
25,25,384,24,626,129,car,0.28,N/A,0
25,23,1777,861,1920,1084,person,0.3,N/A,0
25,19,390,50,607,140,car,0.33,N/A,0
25,8,1229,308,1455,709,truck,0.46,N/A,0
25,7,383,1,656,112,car,0.45,N/A,0
25,6,993,1,1160,194,car,0.57,N/A,0
25,5,722,64,957,342,truck,0.52,N/A,0
25,4,1235,10,1425,298,car,0.5,N/A,0
25,3,1231,305,1454,699,bus,0.53,N/A,0
25,2,181,123,695,352,car,0.82,N/A,0
25,1,1518,112,1808,316,car,0.87,N/A,0
26,25,385,22,630,128,car,0.3,N/A,0
26,19,390,49,607,138,car,0.29,N/A,0
26,8,1230,309,1455,709,truck,0.49,N/A,0
26,7,385,1,657,112,car,0.44,N/A,0
26,6,993,1,1160,194,car,0.55,N/A,0
26,5,722,64,957,342,truck,0.53,N/A,0
26,4,1225,12,1421,304,car,0.5,N/A,0
26,3,1231,309,1454,703,truck,0.49,N/A,0
26,2,180,123,696,352,car,0.81,N/A,0
26,1,1510,107,1797,307,car,0.84,N/A,0
27,25,387,23,625,129,car,0.27,N/A,0
27,19,390,49,607,138,car,0.31,N/A,0
27,8,1230,311,1455,712,truck,0.56,N/A,0
27,7,386,1,656,113,car,0.52,N/A,0
27,6,993,1,1160,193,car,0.57,N/A,0
27,5,723,63,958,342,truck,0.57,N/A,0
27,4,1222,11,1422,306,car,0.6,N/A,0
27,3,1231,312,1454,707,bus,0.47,N/A,0
27,2,182,121,698,351,car,0.72,N/A,0
27,1,1506,102,1790,298,car,0.83,N/A,0
28,25,389,23,623,130,car,0.29,N/A,0
28,19,389,47,607,138,car,0.32,N/A,0
28,8,1230,313,1455,715,truck,0.56,N/A,0
28,7,386,1,655,113,car,0.51,N/A,0
28,6,992,1,1160,193,car,0.59,N/A,0
28,5,723,63,958,342,truck,0.57,N/A,0
28,4,1221,7,1424,298,car,0.63,N/A,0
28,3,1231,314,1454,710,bus,0.5,N/A,0
28,2,183,121,698,351,car,0.68,N/A,0
28,1,1503,97,1783,291,car,0.82,N/A,0
29,25,391,23,623,130,car,0.26,N/A,0
29,19,390,48,608,140,car,0.29,N/A,0
29,8,1230,315,1456,718,truck,0.58,N/A,0
29,7,386,1,655,114,car,0.46,N/A,0
29,6,994,1,1160,193,car,0.55,N/A,0
29,5,724,63,958,342,truck,0.54,N/A,0
29,4,1218,10,1423,303,car,0.54,N/A,0
29,3,1231,316,1454,712,bus,0.53,N/A,0
29,2,183,121,699,351,car,0.74,N/A,0
29,1,1499,94,1778,286,car,0.83,N/A,0
30,19,387,49,604,139,car,0.32,N/A,0
30,8,1230,318,1456,723,truck,0.56,N/A,0
30,7,383,1,654,115,car,0.51,N/A,0
30,6,993,1,1160,193,car,0.5,N/A,0
30,5,723,63,958,342,truck,0.59,N/A,0
30,4,1217,11,1423,304,car,0.59,N/A,0
30,3,1231,318,1455,716,bus,0.45,N/A,0
30,2,188,120,701,350,car,0.75,N/A,0
30,1,1494,89,1770,279,car,0.85,N/A,0
31,27,1204,0,1349,73,car,0.29,N/A,0
31,19,386,50,600,137,car,0.32,N/A,0
31,8,1230,319,1456,725,truck,0.5,N/A,0
31,7,378,1,652,116,car,0.51,N/A,0
31,6,993,1,1160,193,car,0.42,N/A,0
31,5,724,63,958,342,truck,0.58,N/A,0
31,4,1217,13,1424,308,car,0.63,N/A,0
31,3,1231,319,1455,719,bus,0.57,N/A,0
31,2,190,120,702,350,car,0.77,N/A,0
31,1,1489,83,1762,271,car,0.86,N/A,0
32,27,1210,0,1351,72,car,0.28,N/A,0
32,19,385,52,597,136,car,0.28,N/A,0
32,8,1230,321,1456,728,truck,0.53,N/A,0
32,7,374,1,651,116,car,0.45,N/A,0
32,6,993,1,1160,192,car,0.42,N/A,0
32,5,724,63,958,341,truck,0.59,N/A,0
32,4,1216,14,1425,311,car,0.62,N/A,0
32,3,1231,321,1455,723,bus,0.53,N/A,0
32,2,191,120,701,351,car,0.82,N/A,0
32,1,1486,78,1755,264,car,0.88,N/A,0
33,27,1215,0,1351,71,car,0.3,N/A,0
33,19,383,56,590,138,car,0.26,N/A,0
33,8,1230,324,1457,732,truck,0.47,N/A,0
33,7,372,1,652,116,car,0.43,N/A,0
33,6,993,1,1160,192,car,0.43,N/A,0
33,5,723,63,958,341,truck,0.56,N/A,0
33,4,1214,15,1425,315,car,0.62,N/A,0
33,3,1231,322,1456,727,bus,0.44,N/A,0
33,2,191,121,699,351,car,0.84,N/A,0
33,1,1484,73,1750,256,car,0.84,N/A,0
34,27,1218,0,1351,70,car,0.32,N/A,0
34,19,384,55,593,136,car,0.28,N/A,0
34,8,1231,326,1459,736,bus,0.65,N/A,0
34,7,363,3,648,119,car,0.44,N/A,0
34,6,994,1,1160,191,car,0.41,N/A,0
34,5,724,64,958,340,truck,0.57,N/A,0
34,4,1213,14,1426,314,car,0.55,N/A,0
34,3,1231,325,1457,731,truck,0.46,N/A,0
34,2,190,120,698,351,car,0.84,N/A,0
34,1,1481,66,1744,247,car,0.79,N/A,0
35,30,391,17,627,128,car,0.3,N/A,0
35,27,1221,0,1351,68,car,0.32,N/A,0
35,8,1231,326,1460,738,bus,0.58,N/A,0
35,7,358,3,647,120,car,0.43,N/A,0
35,6,993,1,1160,191,car,0.44,N/A,0
35,5,724,64,958,340,truck,0.5,N/A,0
35,4,1212,14,1426,313,car,0.42,N/A,0
35,3,1231,327,1458,736,truck,0.37,N/A,0
35,2,189,120,696,352,car,0.83,N/A,0
35,1,1477,63,1737,243,car,0.78,N/A,0
36,27,1221,0,1351,67,car,0.4,N/A,0
36,8,1231,329,1460,741,bus,0.81,N/A,0
36,7,355,3,647,121,car,0.42,N/A,0
36,6,993,2,1160,191,car,0.44,N/A,0
36,5,725,64,958,340,truck,0.5,N/A,0
36,4,1212,15,1427,315,car,0.32,N/A,0
36,3,1230,329,1458,740,truck,0.29,N/A,0
36,2,191,120,696,352,car,0.83,N/A,0
36,1,1473,59,1731,238,car,0.83,N/A,0
37,27,1222,0,1353,66,car,0.4,N/A,0
37,8,1232,330,1462,744,bus,0.74,N/A,0
37,7,353,3,647,121,car,0.43,N/A,0
37,6,992,2,1160,191,car,0.38,N/A,0
37,5,725,64,958,340,truck,0.5,N/A,0
37,3,1230,330,1460,744,truck,0.33,N/A,0
37,2,190,121,695,352,car,0.82,N/A,0
37,1,1468,54,1724,234,car,0.82,N/A,0
38,27,1222,0,1354,66,car,0.41,N/A,0
38,8,1232,331,1462,746,bus,0.68,N/A,0
38,7,347,3,647,122,car,0.37,N/A,0
38,6,995,2,1161,191,car,0.42,N/A,0
38,5,723,64,957,339,truck,0.44,N/A,0
38,3,1230,330,1460,745,truck,0.39,N/A,0
38,2,180,121,692,352,car,0.82,N/A,0
38,1,1463,47,1717,224,car,0.86,N/A,0
39,31,1216,19,1427,313,car,0.56,N/A,0
39,27,1223,0,1355,66,car,0.41,N/A,0
39,8,1232,332,1463,749,bus,0.65,N/A,0
39,7,343,3,647,123,car,0.38,N/A,0
39,6,997,1,1161,191,car,0.49,N/A,0
39,5,721,63,956,339,truck,0.55,N/A,0
39,3,1231,331,1462,747,truck,0.56,N/A,0
39,2,175,120,691,351,car,0.82,N/A,0
39,1,1459,43,1711,219,car,0.84,N/A,0
40,31,1214,18,1427,312,car,0.45,N/A,0
40,27,1224,0,1356,67,car,0.45,N/A,0
40,8,1231,334,1462,752,bus,0.77,N/A,0
40,7,361,1,657,118,car,0.37,N/A,0
40,6,998,1,1160,191,car,0.55,N/A,0
40,5,720,62,956,338,truck,0.61,N/A,0
40,3,1230,334,1461,752,bus,0.77,N/A,0
40,2,178,120,694,350,car,0.73,N/A,0
40,1,1455,39,1705,213,car,0.85,N/A,0
41,31,1215,18,1427,307,truck,0.32,N/A,0
41,27,1223,0,1356,67,car,0.49,N/A,0
41,8,1231,336,1462,755,truck,0.57,N/A,0
41,7,363,0,657,116,car,0.36,N/A,0
41,6,999,0,1160,191,car,0.54,N/A,0
41,5,722,61,957,337,truck,0.6,N/A,0
41,3,1230,336,1462,755,bus,0.61,N/A,0
41,2,180,119,695,349,car,0.77,N/A,0
41,1,1453,33,1701,203,car,0.82,N/A,0
42,32,1003,0,1159,190,truck,0.27,N/A,0
42,31,1213,19,1428,311,truck,0.33,N/A,0
42,27,1222,0,1354,67,car,0.49,N/A,0
42,8,1231,338,1462,757,truck,0.6,N/A,0
42,7,364,0,656,114,car,0.35,N/A,0
42,6,998,1,1159,191,car,0.52,N/A,0
42,5,722,61,957,337,truck,0.58,N/A,0
42,3,1231,338,1463,757,bus,0.73,N/A,0
42,2,177,119,694,349,car,0.78,N/A,0
42,1,1450,30,1695,196,car,0.85,N/A,0
43,32,1002,0,1160,191,truck,0.31,N/A,0
43,31,1213,21,1428,310,car,0.51,N/A,0
43,27,1223,0,1356,67,car,0.45,N/A,0
43,8,1231,339,1464,758,truck,0.72,N/A,0
43,7,361,0,655,113,car,0.34,N/A,0
43,6,998,1,1159,192,car,0.52,N/A,0
43,5,721,62,957,338,truck,0.56,N/A,0
43,3,1231,340,1464,758,truck,0.72,N/A,0
43,2,172,120,693,349,car,0.79,N/A,0
43,1,1449,25,1690,191,car,0.87,N/A,0
44,32,1002,0,1159,190,truck,0.3,N/A,0
44,31,1212,23,1427,314,truck,0.29,N/A,0
44,27,1223,0,1358,68,car,0.51,N/A,0
44,8,1231,341,1463,761,truck,0.67,N/A,0
44,7,361,0,655,112,car,0.34,N/A,0
44,6,998,0,1159,191,car,0.51,N/A,0
44,5,723,61,958,337,truck,0.55,N/A,0
44,3,1231,341,1464,760,truck,0.67,N/A,0
44,2,178,119,697,349,car,0.77,N/A,0
44,1,1448,22,1683,187,car,0.84,N/A,0
45,32,1002,0,1159,190,truck,0.32,N/A,0
45,27,1221,0,1356,68,car,0.5,N/A,0
45,8,1231,344,1464,765,truck,0.49,N/A,0
45,7,369,1,657,112,car,0.38,N/A,0
45,6,998,1,1158,192,car,0.46,N/A,0
45,5,723,61,958,337,truck,0.57,N/A,0
45,3,1231,345,1464,766,truck,0.49,N/A,0
45,2,181,119,698,349,car,0.73,N/A,0
45,1,1444,17,1677,183,car,0.85,N/A,0
46,33,1209,27,1431,324,car,0.59,N/A,0
46,27,1220,0,1354,68,car,0.49,N/A,0
46,8,1230,346,1465,769,truck,0.42,N/A,0
46,7,369,1,655,113,car,0.4,N/A,0
46,6,997,1,1158,192,car,0.45,N/A,0
46,5,722,61,957,337,truck,0.63,N/A,0
46,3,1231,347,1465,770,bus,0.63,N/A,0
46,2,177,119,696,348,car,0.72,N/A,0
46,1,1438,11,1669,176,car,0.84,N/A,0
47,33,1210,26,1431,321,car,0.52,N/A,0
47,27,1220,0,1352,69,car,0.51,N/A,0
47,7,372,2,656,113,car,0.39,N/A,0
47,6,996,1,1158,192,car,0.51,N/A,0
47,5,721,62,956,337,truck,0.62,N/A,0
47,3,1231,352,1466,777,bus,0.68,N/A,0
47,2,176,119,696,348,car,0.72,N/A,0
47,1,1434,7,1662,170,car,0.84,N/A,0
48,34,1225,0,1352,44,car,0.33,N/A,0
48,33,1209,27,1431,321,car,0.58,N/A,0
48,27,1220,1,1351,72,car,0.49,N/A,0
48,7,375,1,656,111,car,0.35,N/A,0
48,6,997,1,1158,192,car,0.52,N/A,0
48,5,721,62,956,337,truck,0.58,N/A,0
48,3,1231,354,1467,783,truck,0.46,N/A,0
48,2,176,120,696,348,car,0.75,N/A,0
48,1,1432,5,1657,168,car,0.88,N/A,0
49,34,1226,0,1352,45,car,0.37,N/A,0
49,33,1210,28,1431,322,car,0.58,N/A,0
49,27,1220,1,1350,71,car,0.48,N/A,0
49,7,378,1,656,111,car,0.35,N/A,0
49,6,997,0,1158,192,car,0.54,N/A,0
49,5,721,63,956,338,truck,0.56,N/A,0
49,3,1231,356,1467,787,bus,0.65,N/A,0
49,2,173,119,695,348,car,0.75,N/A,0
49,1,1428,2,1651,164,car,0.86,N/A,0
50,34,1226,0,1352,46,car,0.29,N/A,0
50,33,1210,29,1430,321,car,0.55,N/A,0
50,27,1220,1,1350,73,car,0.57,N/A,0
50,8,1230,355,1466,786,truck,0.37,N/A,0
50,7,376,2,654,112,car,0.37,N/A,0
50,6,998,0,1159,191,car,0.56,N/A,0
50,5,721,62,957,337,truck,0.56,N/A,0
50,3,1230,357,1466,789,bus,0.76,N/A,0
50,2,174,119,695,348,car,0.75,N/A,0
50,1,1426,-1,1646,156,car,0.82,N/A,0
51,36,1213,33,1429,321,car,0.55,N/A,0
51,34,1226,0,1353,46,car,0.3,N/A,0
51,33,1211,32,1430,325,car,0.55,N/A,0
51,27,1221,1,1352,74,car,0.59,N/A,0
51,8,1230,357,1466,789,bus,0.7,N/A,0
51,7,373,2,653,113,car,0.35,N/A,0
51,6,998,0,1159,192,car,0.59,N/A,0
51,5,721,62,957,337,truck,0.58,N/A,0
51,2,176,119,695,348,car,0.76,N/A,0
51,1,1424,-2,1641,150,car,0.82,N/A,0
52,36,1213,33,1429,324,car,0.55,N/A,0
52,34,1227,0,1353,46,car,0.3,N/A,0
52,33,1211,32,1430,327,car,0.55,N/A,0
52,27,1221,1,1353,75,car,0.59,N/A,0
52,8,1229,358,1466,791,bus,0.7,N/A,0
52,7,371,2,653,113,car,0.35,N/A,0
52,6,999,0,1159,192,car,0.59,N/A,0
52,5,721,62,957,337,truck,0.58,N/A,0
52,2,177,119,696,348,car,0.76,N/A,0
52,1,1424,-2,1638,148,car,0.82,N/A,0
53,33,1211,33,1430,326,car,0.65,N/A,0
53,27,1220,0,1351,75,car,0.49,N/A,0
53,8,1229,363,1466,796,bus,0.58,N/A,0
53,7,368,3,652,115,car,0.33,N/A,0
53,6,997,0,1158,191,car,0.55,N/A,0
53,5,720,63,956,338,truck,0.58,N/A,0
53,2,173,119,693,348,car,0.74,N/A,0
53,1,1420,-3,1631,142,car,0.8,N/A,0
54,33,1211,35,1431,328,car,0.64,N/A,0
54,27,1222,0,1352,73,car,0.45,N/A,0
54,8,1228,365,1465,798,bus,0.69,N/A,0
54,7,371,3,653,115,car,0.37,N/A,0
54,6,997,0,1158,191,car,0.52,N/A,0
54,5,720,63,956,337,truck,0.59,N/A,0
54,2,173,119,694,348,car,0.69,N/A,0
54,1,1416,-5,1623,133,car,0.79,N/A,0
55,33,1212,35,1431,325,car,0.64,N/A,0
55,27,1224,1,1353,74,car,0.46,N/A,0
55,8,1227,367,1465,799,bus,0.78,N/A,0
55,7,374,2,654,114,car,0.44,N/A,0
55,6,997,0,1158,190,car,0.51,N/A,0
55,5,721,62,956,337,truck,0.62,N/A,0
55,2,173,118,694,347,car,0.69,N/A,0
55,1,1413,-5,1616,126,car,0.77,N/A,0
56,39,386,18,619,127,car,0.27,N/A,0
56,34,1227,1,1353,51,car,0.28,N/A,0
56,33,1212,36,1431,324,car,0.62,N/A,0
56,27,1223,1,1352,76,car,0.51,N/A,0
56,8,1228,369,1466,801,bus,0.77,N/A,0
56,7,374,3,653,115,car,0.44,N/A,0
56,6,998,0,1158,188,car,0.43,N/A,0
56,5,721,61,955,336,truck,0.61,N/A,0
56,2,175,117,695,347,car,0.71,N/A,0
56,1,1410,-5,1611,120,car,0.75,N/A,0
57,41,1001,0,1157,185,truck,0.37,N/A,0
57,34,1227,2,1353,54,car,0.31,N/A,0
57,33,1212,37,1431,324,car,0.63,N/A,0
57,27,1222,1,1352,77,car,0.59,N/A,0
57,8,1228,372,1466,804,bus,0.73,N/A,0
57,7,374,2,652,114,car,0.45,N/A,0
57,6,997,0,1157,187,truck,0.37,N/A,0
57,5,721,61,955,336,truck,0.52,N/A,0
57,2,178,116,696,346,car,0.74,N/A,0
57,1,1409,-4,1607,116,car,0.77,N/A,0
58,41,1000,0,1157,185,truck,0.28,N/A,0
58,33,1213,37,1431,323,car,0.62,N/A,0
58,27,1221,1,1352,77,car,0.58,N/A,0
58,8,1228,373,1466,805,bus,0.62,N/A,0
58,7,370,2,651,114,car,0.34,N/A,0
58,6,996,0,1157,187,car,0.48,N/A,0
58,5,713,61,953,335,truck,0.57,N/A,0
58,2,179,116,695,347,car,0.75,N/A,0
58,1,1406,-5,1601,108,car,0.74,N/A,0
59,33,1213,38,1431,324,car,0.71,N/A,0
59,27,1221,1,1352,78,car,0.58,N/A,0
59,6,998,0,1158,187,car,0.59,N/A,0
59,5,702,60,951,335,truck,0.58,N/A,0
59,2,184,116,696,347,car,0.69,N/A,0
59,1,1406,-4,1597,103,car,0.79,N/A,0
60,33,1213,39,1431,324,car,0.6,N/A,0
60,27,1222,1,1353,78,car,0.5,N/A,0
60,6,1000,0,1158,186,car,0.51,N/A,0
60,5,703,61,955,335,truck,0.59,N/A,0
60,2,188,117,696,347,car,0.66,N/A,0
60,1,1402,-3,1591,99,car,0.69,N/A,0
61,42,1232,377,1467,808,bus,0.55,N/A,0
61,33,1214,40,1431,327,car,0.58,N/A,0
61,27,1223,0,1355,78,car,0.58,N/A,0
61,6,1001,0,1159,185,car,0.45,N/A,0
61,5,706,61,958,334,truck,0.57,N/A,0
61,2,190,116,695,348,car,0.68,N/A,0
61,1,1395,-3,1585,95,car,0.59,N/A,0
62,41,1007,0,1159,182,truck,0.3,N/A,0
62,33,1214,40,1431,325,car,0.64,N/A,0
62,27,1222,0,1355,79,car,0.63,N/A,0
62,8,1229,376,1468,811,bus,0.71,N/A,0
62,6,1003,0,1159,184,car,0.49,N/A,0
62,5,706,60,958,334,truck,0.55,N/A,0
62,2,190,115,694,348,car,0.61,N/A,0
62,1,1392,-2,1580,91,car,0.71,N/A,0
63,41,1008,0,1159,182,truck,0.3,N/A,0
63,33,1214,40,1431,325,car,0.64,N/A,0
63,27,1222,0,1355,79,car,0.63,N/A,0
63,8,1230,376,1468,812,bus,0.7,N/A,0
63,6,1004,0,1159,184,car,0.5,N/A,0
63,5,707,60,959,334,truck,0.55,N/A,0
63,2,190,114,693,348,car,0.6,N/A,0
63,1,1390,-1,1578,89,car,0.71,N/A,0
64,33,1214,43,1432,330,car,0.61,N/A,0
64,27,1221,0,1354,78,car,0.56,N/A,0
64,8,1232,378,1471,816,bus,0.65,N/A,0
64,6,1004,0,1158,184,car,0.49,N/A,0
64,5,711,60,960,334,truck,0.55,N/A,0
64,2,190,114,694,348,car,0.63,N/A,0
64,1,1381,-1,1570,84,car,0.61,N/A,0
65,33,1220,46,1436,336,car,0.6,N/A,0
65,27,1220,0,1355,79,car,0.51,N/A,0
65,8,1232,380,1471,818,bus,0.78,N/A,0
65,6,1004,0,1158,184,car,0.52,N/A,0
65,5,714,59,960,334,truck,0.54,N/A,0
65,2,191,114,695,347,car,0.64,N/A,0
65,1,1370,-1,1560,81,car,0.41,N/A,0
66,33,1215,49,1433,346,car,0.63,N/A,0
66,27,1220,1,1355,81,car,0.57,N/A,0
66,8,1233,382,1472,822,bus,0.78,N/A,0
66,6,1004,1,1158,185,car,0.46,N/A,0
66,5,715,58,961,333,truck,0.5,N/A,0
66,2,189,112,695,347,car,0.58,N/A,0
67,47,378,1,647,107,car,0.27,N/A,0
67,33,1214,49,1433,348,truck,0.31,N/A,0
67,27,1221,1,1356,82,car,0.46,N/A,0
67,8,1233,384,1472,825,bus,0.7,N/A,0
67,6,1004,0,1158,183,car,0.42,N/A,0
67,5,716,58,960,333,truck,0.53,N/A,0
67,2,190,112,697,347,car,0.62,N/A,0
68,27,1222,0,1356,82,car,0.51,N/A,0
68,8,1232,386,1472,829,bus,0.7,N/A,0
68,6,1002,0,1158,183,car,0.51,N/A,0
68,5,717,59,958,334,truck,0.49,N/A,0
68,2,191,113,696,346,car,0.7,N/A,0
69,27,1221,1,1356,85,car,0.53,N/A,0
69,8,1232,388,1472,833,bus,0.6,N/A,0
69,6,999,0,1156,184,car,0.48,N/A,0
69,5,717,60,957,335,truck,0.55,N/A,0
69,2,190,112,696,346,car,0.69,N/A,0
69,1,1378,-1,1550,60,car,0.26,N/A,0
70,27,1220,1,1356,87,car,0.57,N/A,0
70,8,1231,388,1473,833,bus,0.76,N/A,0
70,6,998,0,1155,183,car,0.52,N/A,0
70,5,716,59,956,334,truck,0.58,N/A,0
70,2,188,113,694,347,car,0.66,N/A,0
71,50,1635,106,1736,222,person,0.3,N/A,0
71,33,1221,50,1436,344,car,0.55,N/A,0
71,27,1222,0,1357,83,car,0.26,N/A,0
71,8,1232,389,1475,836,bus,0.79,N/A,0
71,6,996,0,1155,182,car,0.58,N/A,0
71,5,712,58,954,334,truck,0.62,N/A,0
71,2,185,113,694,347,car,0.61,N/A,0
72,50,1647,95,1731,196,person,0.26,N/A,0
72,33,1222,51,1435,344,car,0.63,N/A,0
72,8,1233,391,1478,841,bus,0.63,N/A,0
72,6,995,0,1155,181,car,0.61,N/A,0
72,5,708,58,952,334,truck,0.62,N/A,0
72,2,186,112,694,347,car,0.59,N/A,0
73,50,1636,90,1723,203,person,0.25,N/A,0
73,33,1221,52,1433,344,car,0.6,N/A,0
73,8,1232,393,1479,844,bus,0.65,N/A,0
73,6,995,0,1155,182,car,0.65,N/A,0
73,5,706,57,952,334,truck,0.63,N/A,0
73,2,188,112,695,348,car,0.46,N/A,0
74,54,1215,0,1361,92,car,0.64,N/A,0
74,50,1636,80,1717,185,person,0.29,N/A,0
74,33,1226,54,1434,345,car,0.68,N/A,0
74,8,1231,396,1479,848,bus,0.62,N/A,0
74,6,995,0,1156,182,car,0.64,N/A,0
74,5,706,56,953,334,truck,0.61,N/A,0
74,2,188,111,695,348,car,0.46,N/A,0
75,54,1218,1,1362,93,car,0.55,N/A,0
75,33,1226,57,1433,349,car,0.56,N/A,0
75,8,1231,399,1478,853,bus,0.77,N/A,0
75,6,996,0,1157,182,car,0.63,N/A,0
75,5,709,56,955,334,truck,0.63,N/A,0
75,2,189,111,695,348,car,0.49,N/A,0
76,54,1218,0,1361,92,car,0.52,N/A,0
76,33,1224,59,1432,354,car,0.59,N/A,0
76,8,1232,401,1480,858,bus,0.76,N/A,0
76,6,997,0,1157,182,car,0.61,N/A,0
76,5,710,56,955,333,truck,0.63,N/A,0
76,2,189,110,695,348,car,0.48,N/A,0
77,54,1217,1,1361,94,car,0.56,N/A,0
77,33,1218,59,1430,355,car,0.59,N/A,0
77,8,1232,402,1480,863,bus,0.71,N/A,0
77,6,997,0,1157,182,car,0.6,N/A,0
77,5,711,56,955,333,truck,0.62,N/A,0
77,2,190,110,695,348,car,0.43,N/A,0
78,55,369,9,630,118,car,0.31,N/A,0
78,54,1218,1,1362,95,car,0.54,N/A,0
78,33,1219,61,1431,360,car,0.61,N/A,0
78,8,1231,404,1480,866,bus,0.83,N/A,0
78,6,997,0,1158,181,car,0.61,N/A,0
78,5,712,56,955,333,truck,0.54,N/A,0
79,54,1215,1,1360,95,car,0.56,N/A,0
79,33,1218,62,1431,364,car,0.63,N/A,0
79,8,1232,406,1481,868,bus,0.72,N/A,0
79,6,997,0,1158,179,car,0.53,N/A,0
79,5,711,57,954,334,truck,0.5,N/A,0
80,54,1214,1,1360,96,car,0.46,N/A,0
80,33,1214,62,1431,367,car,0.6,N/A,0
80,8,1232,409,1483,872,bus,0.73,N/A,0
80,6,998,0,1158,177,car,0.5,N/A,0
80,5,713,58,955,334,truck,0.51,N/A,0
81,54,1215,1,1361,97,car,0.47,N/A,0
81,33,1213,62,1432,368,car,0.65,N/A,0
81,8,1232,415,1484,880,bus,0.72,N/A,0
81,6,998,0,1158,177,car,0.51,N/A,0
81,5,713,58,955,334,truck,0.52,N/A,0
81,2,191,109,694,347,car,0.59,N/A,0
82,54,1216,2,1362,98,car,0.47,N/A,0
82,33,1213,65,1434,371,car,0.66,N/A,0
82,8,1233,417,1487,884,bus,0.79,N/A,0
82,6,998,0,1158,176,car,0.49,N/A,0
82,5,715,57,955,333,truck,0.53,N/A,0
82,2,192,108,695,347,car,0.58,N/A,0
83,59,1000,0,1157,176,truck,0.38,N/A,0
83,58,1576,34,1651,153,person,0.27,N/A,0
83,54,1210,2,1360,99,car,0.53,N/A,0
83,33,1211,65,1434,372,car,0.65,N/A,0
83,8,1234,421,1489,889,bus,0.78,N/A,0
83,6,998,0,1158,176,car,0.48,N/A,0
83,5,714,57,955,333,truck,0.53,N/A,0
83,2,192,108,695,347,car,0.53,N/A,0
84,54,1211,2,1362,100,car,0.46,N/A,0
84,33,1209,65,1433,371,car,0.61,N/A,0
84,8,1233,425,1488,893,bus,0.74,N/A,0
84,6,998,0,1158,176,car,0.49,N/A,0
84,5,714,57,955,333,truck,0.57,N/A,0
84,2,193,108,696,346,car,0.58,N/A,0
85,54,1212,2,1362,101,car,0.52,N/A,0
85,33,1208,66,1433,372,car,0.58,N/A,0
85,8,1232,427,1489,899,bus,0.79,N/A,0
85,6,998,0,1158,175,car,0.5,N/A,0
85,5,714,57,954,333,truck,0.58,N/A,0
85,2,192,108,696,346,car,0.57,N/A,0
86,54,1214,3,1364,103,car,0.3,N/A,0
86,33,1213,68,1435,373,car,0.56,N/A,0
86,8,1232,429,1489,903,bus,0.74,N/A,0
86,6,999,0,1158,175,car,0.51,N/A,0
86,5,715,57,955,334,truck,0.59,N/A,0
86,2,193,107,697,345,car,0.59,N/A,0
87,54,1216,3,1364,104,car,0.45,N/A,0
87,33,1209,70,1433,375,car,0.61,N/A,0
87,8,1232,433,1491,909,bus,0.53,down,1
87,6,999,0,1158,175,car,0.52,N/A,1
87,5,716,57,955,334,truck,0.58,N/A,1
87,2,193,108,696,345,car,0.53,N/A,1
88,54,1215,3,1364,105,car,0.46,N/A,1
88,33,1207,73,1433,380,car,0.62,N/A,1
88,8,1232,437,1493,915,bus,0.64,N/A,1
88,6,998,0,1158,175,car,0.53,N/A,1
88,5,717,57,955,334,truck,0.61,N/A,1
88,2,193,108,697,345,car,0.58,N/A,1
89,60,1835,504,1916,689,car,0.33,N/A,1
89,54,1215,3,1365,106,car,0.49,N/A,1
89,33,1207,75,1434,385,car,0.58,N/A,1
89,8,1230,440,1492,922,bus,0.48,N/A,1
89,6,998,0,1157,174,car,0.52,N/A,1
89,5,716,56,954,334,truck,0.61,N/A,1
89,2,194,108,696,345,car,0.63,N/A,1
90,60,1825,493,1915,691,car,0.45,N/A,1
90,54,1212,3,1365,106,car,0.63,N/A,1
90,33,1206,76,1434,388,car,0.57,N/A,1
90,8,1230,442,1492,926,bus,0.53,N/A,1
90,6,997,0,1157,174,car,0.53,N/A,1
90,5,714,55,953,333,truck,0.6,N/A,1
90,2,193,108,695,345,car,0.51,N/A,1
91,60,1816,483,1915,693,car,0.4,N/A,1
91,54,1210,3,1365,107,car,0.54,N/A,1
91,33,1205,76,1434,389,car,0.56,N/A,1
91,8,1229,449,1492,935,bus,0.44,N/A,1
91,6,998,0,1158,174,car,0.53,N/A,1
91,5,716,56,955,334,truck,0.63,N/A,1
91,2,193,108,695,345,car,0.61,N/A,1
92,61,379,8,635,116,car,0.26,N/A,1
92,60,1809,475,1916,693,car,0.46,N/A,1
92,54,1208,2,1365,107,car,0.6,N/A,1
92,33,1206,76,1435,390,car,0.58,N/A,1
92,8,1229,453,1492,943,bus,0.54,N/A,1
92,6,998,0,1158,174,car,0.53,N/A,1
92,5,716,56,955,334,truck,0.59,N/A,1
92,2,192,108,695,345,car,0.59,N/A,1
93,60,1801,467,1915,693,car,0.37,N/A,1
93,54,1207,2,1366,108,car,0.63,N/A,1
93,33,1205,79,1435,394,car,0.67,N/A,1
93,8,1229,456,1492,948,bus,0.71,N/A,1
93,6,997,0,1158,175,car,0.55,N/A,1
93,5,716,57,954,334,truck,0.59,N/A,1
93,2,192,108,695,345,car,0.58,N/A,1
94,60,1794,457,1916,691,car,0.38,N/A,1
94,54,1204,2,1368,110,car,0.65,N/A,1
94,33,1205,80,1436,395,car,0.5,N/A,1
94,8,1229,460,1493,955,bus,0.71,N/A,1
94,6,998,0,1158,174,car,0.47,N/A,1
94,5,716,56,955,333,truck,0.64,N/A,1
94,2,192,108,695,346,car,0.46,N/A,1
95,60,1787,447,1916,690,car,0.41,N/A,1
95,54,1203,3,1369,113,car,0.62,N/A,1
95,33,1206,81,1436,394,car,0.59,N/A,1
95,8,1229,463,1493,961,bus,0.66,N/A,1
95,6,998,0,1159,174,car,0.48,N/A,1
95,5,716,56,955,332,truck,0.63,N/A,1
95,2,191,109,694,346,car,0.47,N/A,1
96,60,1779,439,1916,690,car,0.47,N/A,1
96,54,1203,3,1371,114,car,0.62,N/A,1
96,33,1207,82,1436,395,car,0.57,N/A,1
96,8,1229,468,1492,969,bus,0.78,N/A,1
96,6,996,0,1157,174,car,0.56,N/A,1
96,5,711,54,953,332,truck,0.68,N/A,1
96,2,191,108,693,345,car,0.49,N/A,1
97,66,1758,180,1845,335,person,0.41,N/A,1
97,60,1771,431,1915,690,car,0.39,N/A,1
97,54,1206,2,1372,115,car,0.64,N/A,1
97,33,1206,86,1435,399,car,0.52,N/A,1
97,8,1230,472,1493,974,bus,0.7,N/A,1
97,6,995,0,1157,174,car,0.5,N/A,1
97,5,708,54,952,332,truck,0.69,N/A,1
97,2,191,108,693,345,car,0.5,N/A,1
98,66,1741,166,1832,322,person,0.52,N/A,1
98,60,1764,423,1915,690,car,0.38,N/A,1
98,54,1207,3,1373,117,car,0.69,N/A,1
98,33,1203,91,1436,407,car,0.59,N/A,1
98,8,1229,477,1492,984,bus,0.74,N/A,1
98,6,995,0,1157,174,car,0.53,N/A,1
98,5,706,54,952,332,truck,0.65,N/A,1
98,2,191,108,693,344,car,0.52,N/A,1
99,66,1740,158,1822,304,person,0.36,N/A,1
99,60,1755,412,1915,690,car,0.45,N/A,1
99,54,1209,3,1373,118,car,0.64,N/A,1
99,33,1200,93,1436,412,car,0.58,N/A,1
99,8,1229,482,1493,991,bus,0.52,N/A,1
99,6,996,0,1157,173,car,0.48,N/A,1
99,5,710,55,953,333,truck,0.62,N/A,1
99,2,189,109,692,346,car,0.36,N/A,1
100,60,1749,407,1916,692,car,0.26,N/A,1
100,54,1206,2,1371,120,car,0.59,N/A,1
100,33,1211,92,1440,410,car,0.6,N/A,1
100,8,1229,485,1493,996,bus,0.77,N/A,1
100,6,995,0,1156,175,car,0.55,N/A,1
100,5,714,57,954,334,truck,0.55,N/A,1
101,60,1742,398,1916,692,car,0.35,N/A,1
101,54,1205,1,1371,122,car,0.59,N/A,1
101,33,1204,94,1437,415,car,0.64,N/A,1
101,8,1229,488,1494,1003,bus,0.76,N/A,1
101,6,994,0,1155,175,car,0.58,N/A,1
101,5,714,56,953,333,truck,0.66,N/A,1
102,60,1736,388,1916,689,car,0.31,N/A,1
102,54,1213,2,1375,124,car,0.66,N/A,1
102,33,1200,94,1436,414,car,0.63,N/A,1
102,8,1230,492,1496,1009,bus,0.66,N/A,1
102,6,995,0,1155,175,car,0.59,N/A,1
102,5,714,56,952,333,truck,0.67,N/A,1
103,66,1727,136,1783,225,person,0.46,N/A,1
103,54,1212,1,1373,126,car,0.71,N/A,1
103,33,1196,95,1433,416,car,0.61,N/A,1
103,8,1230,498,1498,1018,bus,0.6,N/A,1
103,6,996,0,1155,175,car,0.57,N/A,1
103,5,713,56,951,333,truck,0.64,N/A,1
103,2,187,108,691,348,car,0.59,N/A,1
104,54,1208,1,1371,127,car,0.7,N/A,1
104,33,1200,96,1435,414,car,0.66,N/A,1
104,8,1231,502,1500,1024,bus,0.66,N/A,1
104,6,996,0,1155,175,car,0.54,N/A,1
104,5,714,57,951,334,truck,0.6,N/A,1
104,2,185,109,691,349,car,0.53,N/A,1
105,54,1207,1,1371,129,car,0.72,N/A,1
105,33,1202,97,1434,414,car,0.67,N/A,1
105,8,1231,507,1501,1032,bus,0.5,N/A,1
105,6,997,0,1154,175,car,0.57,N/A,1
105,5,713,57,951,334,truck,0.58,N/A,1
105,2,185,108,690,349,car,0.58,N/A,1
106,54,1208,1,1371,130,car,0.75,N/A,1
106,33,1203,97,1433,413,car,0.72,N/A,1
106,8,1230,510,1503,1039,car,0.35,N/A,1
106,6,997,0,1154,174,car,0.57,N/A,1
106,5,710,57,949,334,truck,0.61,N/A,1
106,2,185,108,690,349,car,0.65,N/A,1
107,54,1210,1,1372,132,car,0.71,N/A,1
107,33,1205,98,1433,413,car,0.73,N/A,1
107,8,1231,516,1505,1046,bus,0.51,N/A,1
107,6,997,0,1154,175,car,0.57,N/A,1
107,5,708,57,948,334,truck,0.58,N/A,1
107,2,186,108,690,348,car,0.5,N/A,1
108,74,1657,115,1752,252,person,0.29,N/A,1
108,54,1211,1,1373,133,car,0.71,N/A,1
108,33,1205,99,1433,413,car,0.73,N/A,1
108,8,1231,517,1506,1049,bus,0.49,N/A,1
108,6,997,0,1154,175,car,0.57,N/A,1
108,5,707,57,948,334,truck,0.58,N/A,1
108,2,186,108,690,348,car,0.5,N/A,1
109,76,1688,331,1916,700,car,0.63,N/A,1
109,74,1661,104,1746,233,person,0.38,N/A,1
109,54,1207,2,1371,137,car,0.6,N/A,1
109,33,1214,103,1436,419,car,0.63,N/A,1
109,8,1231,526,1508,1061,bus,0.41,N/A,1
109,6,997,0,1153,175,car,0.53,N/A,1
109,5,708,57,948,334,truck,0.61,N/A,1
109,2,185,108,689,348,car,0.49,N/A,1
110,76,1681,322,1916,693,car,0.7,N/A,1
110,54,1205,3,1371,142,car,0.51,N/A,1
110,33,1218,106,1437,423,car,0.62,N/A,1
110,6,996,1,1153,178,car,0.5,N/A,1
110,5,709,57,949,334,truck,0.65,N/A,1
110,2,185,108,689,348,car,0.51,N/A,1
111,76,1675,314,1915,687,car,0.73,N/A,1
111,54,1203,2,1371,145,car,0.56,N/A,1
111,33,1218,107,1437,426,car,0.56,N/A,1
111,6,996,0,1154,177,car,0.53,N/A,1
111,5,708,57,949,335,truck,0.58,N/A,1
111,2,185,108,690,348,car,0.55,N/A,1
112,79,1665,85,1724,199,person,0.3,N/A,1
112,78,1231,534,1512,1070,car,0.42,N/A,1
112,76,1669,308,1915,682,car,0.78,N/A,1
112,54,1206,2,1374,146,car,0.62,N/A,1
112,33,1218,109,1437,430,car,0.65,N/A,1
112,6,997,0,1154,176,car,0.55,N/A,1
112,5,710,57,951,334,truck,0.58,N/A,1
112,2,186,108,690,349,car,0.58,N/A,1
113,79,1646,78,1716,210,person,0.31,N/A,1
113,78,1232,538,1513,1071,car,0.47,N/A,1
113,76,1665,300,1915,672,car,0.71,N/A,1
113,74,1655,73,1717,169,person,0.3,N/A,1
113,54,1207,2,1375,149,car,0.56,N/A,1
113,33,1211,110,1434,434,car,0.56,N/A,1
113,6,997,0,1154,175,car,0.55,N/A,1
113,5,710,57,951,334,truck,0.54,N/A,1
113,2,185,108,688,348,car,0.58,N/A,1
114,78,1231,541,1514,1072,car,0.33,N/A,1
114,76,1658,293,1914,662,car,0.7,N/A,1
114,74,1658,65,1712,148,person,0.34,N/A,1
114,54,1208,1,1376,149,car,0.65,N/A,1
114,33,1212,111,1436,438,car,0.6,N/A,1
114,6,997,0,1154,175,car,0.56,N/A,1
114,5,710,57,951,334,truck,0.55,N/A,1
114,2,184,108,687,348,car,0.63,N/A,1
115,78,1231,543,1516,1073,car,0.5,N/A,1
115,76,1653,286,1915,655,car,0.76,N/A,1
115,74,1657,64,1703,135,person,0.31,N/A,1
115,54,1206,1,1375,152,car,0.64,N/A,1
115,33,1216,112,1437,439,car,0.65,N/A,1
115,6,998,0,1155,174,car,0.57,N/A,1
115,5,709,57,950,334,truck,0.54,N/A,1
115,2,183,108,687,347,car,0.7,N/A,1
116,81,0,570,67,808,person,0.53,N/A,1
116,78,1233,548,1520,1072,car,0.35,N/A,1
116,76,1649,280,1915,649,car,0.64,N/A,1
116,74,1653,62,1696,129,person,0.33,N/A,1
116,54,1211,0,1377,150,car,0.61,N/A,1
116,33,1202,116,1431,448,car,0.52,N/A,1
116,6,998,0,1155,174,car,0.52,N/A,1
116,5,711,56,951,334,truck,0.53,N/A,1
116,2,184,108,687,347,car,0.67,N/A,1
117,80,1628,56,1692,182,person,0.3,N/A,1
117,78,1235,552,1527,1073,car,0.47,N/A,1
117,76,1644,275,1915,640,car,0.86,N/A,1
117,74,1645,57,1687,123,person,0.48,N/A,1
117,54,1213,0,1378,151,car,0.57,N/A,1
117,33,1208,115,1435,447,car,0.49,N/A,1
117,6,999,0,1155,173,car,0.54,N/A,1
117,5,711,56,951,334,truck,0.51,N/A,1
117,2,184,108,687,347,car,0.68,N/A,1
118,80,1620,49,1685,180,person,0.33,N/A,1
118,78,1234,556,1526,1073,car,0.56,N/A,1
118,76,1638,266,1914,627,truck,0.3,N/A,1
118,54,1213,0,1378,153,car,0.52,N/A,1
118,33,1208,117,1436,451,car,0.52,N/A,1
118,6,997,0,1154,173,car,0.57,N/A,1
118,5,708,56,949,334,truck,0.52,N/A,1
118,2,185,108,687,347,car,0.68,N/A,1
119,80,1608,44,1677,182,person,0.6,N/A,1
119,78,1232,559,1529,1074,car,0.56,N/A,1
119,54,1208,2,1377,158,car,0.56,N/A,1
119,33,1197,122,1432,462,car,0.52,N/A,1
119,6,996,0,1153,174,car,0.59,N/A,1
119,5,707,55,948,333,truck,0.54,N/A,1
119,2,184,108,687,346,car,0.74,N/A,1
120,81,1,558,67,772,person,0.44,up,2
120,80,1595,34,1669,180,person,0.46,N/A,2
120,78,1231,566,1530,1075,car,0.59,N/A,2
120,54,1204,2,1377,161,car,0.52,N/A,2
120,33,1204,120,1436,459,car,0.42,N/A,2
120,6,997,0,1154,174,car,0.56,N/A,2
120,5,706,56,949,334,truck,0.53,N/A,2
120,2,185,109,688,346,car,0.73,N/A,2
121,85,1616,251,1916,593,car,0.7,N/A,2
121,80,1587,27,1665,174,person,0.53,N/A,2
121,78,1232,569,1535,1075,car,0.6,N/A,2
121,54,1201,2,1377,163,car,0.6,N/A,2
121,33,1205,121,1437,460,car,0.45,N/A,2
121,6,997,0,1154,175,car,0.56,N/A,2
121,5,705,56,949,334,truck,0.54,N/A,2
121,2,186,108,688,346,car,0.7,N/A,2
122,85,1611,241,1915,582,car,0.77,N/A,2
122,80,1583,22,1660,163,person,0.36,N/A,2
122,78,1231,575,1535,1076,car,0.68,N/A,2
122,54,1203,0,1378,162,car,0.51,N/A,2
122,6,996,0,1153,175,car,0.57,N/A,2
122,5,706,54,949,333,truck,0.54,N/A,2
122,2,185,108,687,345,car,0.73,N/A,2
123,85,1607,229,1916,572,car,0.76,N/A,2
123,80,1577,19,1653,155,person,0.39,N/A,2
123,78,1233,581,1536,1077,car,0.68,N/A,2
123,54,1204,1,1380,164,car,0.5,N/A,2
123,6,995,0,1153,175,car,0.53,N/A,2
123,5,711,54,951,333,truck,0.52,N/A,2
123,2,185,108,688,345,car,0.7,N/A,2
124,87,1213,127,1435,456,car,0.65,N/A,2
124,85,1602,225,1915,565,car,0.76,N/A,2
124,80,1580,13,1651,139,person,0.37,N/A,2
124,78,1233,587,1538,1076,car,0.66,N/A,2
124,54,1203,0,1379,163,car,0.5,N/A,2
124,6,995,0,1153,175,car,0.5,N/A,2
124,5,713,56,951,334,truck,0.5,N/A,2
124,2,184,108,688,345,car,0.7,N/A,2
125,87,1213,130,1433,458,car,0.7,N/A,2
125,85,1599,221,1915,559,car,0.87,N/A,2
125,80,1578,12,1646,136,person,0.3,N/A,2
125,78,1238,592,1548,1076,car,0.65,N/A,2
125,54,1200,2,1379,168,car,0.67,N/A,2
125,6,996,0,1153,175,car,0.49,N/A,2
125,5,712,56,951,334,truck,0.55,N/A,2
125,2,185,108,688,346,car,0.65,N/A,2
126,87,1216,132,1434,459,car,0.69,N/A,2
126,85,1595,215,1915,550,car,0.59,N/A,2
126,78,1239,599,1555,1077,car,0.5,N/A,2
126,54,1198,3,1380,171,car,0.66,N/A,2
126,6,997,0,1153,175,car,0.47,N/A,2
126,5,713,56,950,334,truck,0.52,N/A,2
126,2,185,108,688,346,car,0.63,N/A,2
127,87,1216,133,1434,461,car,0.65,N/A,2
127,85,1588,209,1914,541,car,0.82,N/A,2
127,78,1238,605,1558,1077,car,0.48,N/A,2
127,54,1197,2,1381,173,car,0.67,N/A,2
127,6,995,0,1153,176,car,0.56,N/A,2
127,5,714,56,951,333,truck,0.49,N/A,2
127,2,185,108,689,346,car,0.69,N/A,2
128,87,1217,136,1433,464,car,0.65,N/A,2
128,85,1582,205,1913,532,car,0.78,N/A,2
128,78,1237,612,1554,1077,car,0.66,N/A,2
128,54,1198,2,1382,173,car,0.66,N/A,2
128,6,996,0,1153,176,car,0.51,N/A,2
128,5,714,57,950,333,truck,0.48,N/A,2
128,2,186,108,689,346,car,0.64,N/A,2
129,87,1217,138,1432,468,car,0.65,N/A,2
129,85,1579,200,1914,521,car,0.62,N/A,2
129,78,1238,619,1556,1076,car,0.4,N/A,2
129,54,1199,2,1383,174,car,0.65,N/A,2
129,6,996,0,1153,176,car,0.55,N/A,2
129,5,714,57,950,333,truck,0.45,N/A,2
129,2,186,108,689,345,car,0.68,N/A,2
130,87,1218,139,1432,471,car,0.63,N/A,2
130,85,1576,195,1915,510,truck,0.35,N/A,2
130,78,1239,626,1559,1076,car,0.31,N/A,2
130,54,1199,2,1384,176,car,0.62,N/A,2
130,6,995,0,1153,176,car,0.55,N/A,2
130,5,714,57,950,333,truck,0.46,N/A,2
130,2,185,107,689,345,car,0.75,N/A,2
131,87,1218,140,1431,473,car,0.6,N/A,2
131,78,1242,633,1565,1076,truck,0.29,N/A,2
131,54,1201,1,1384,177,car,0.65,N/A,2
131,6,996,0,1153,176,car,0.56,N/A,2
131,5,715,56,950,332,truck,0.47,N/A,2
131,2,185,108,688,345,car,0.69,N/A,2
132,87,1216,142,1431,477,car,0.58,N/A,2
132,54,1201,1,1385,178,car,0.69,N/A,2
132,6,997,0,1154,176,car,0.57,N/A,2
132,5,716,55,950,332,truck,0.47,N/A,2
132,2,184,108,687,346,car,0.68,N/A,2
133,95,1560,189,1916,480,car,0.7,N/A,2
133,87,1217,144,1432,482,car,0.63,N/A,2
133,54,1201,2,1386,180,car,0.53,N/A,2
133,6,998,0,1154,175,car,0.52,N/A,2
133,5,708,56,947,333,truck,0.5,N/A,2
133,2,183,108,687,346,car,0.58,N/A,2
134,97,1237,664,1559,1071,car,0.47,N/A,2
134,95,1559,183,1915,468,truck,0.39,N/A,2
134,87,1214,146,1431,485,car,0.58,N/A,2
134,54,1206,0,1388,179,car,0.49,N/A,2
134,6,999,0,1154,174,car,0.5,N/A,2
134,5,710,56,949,333,truck,0.53,N/A,2
134,2,185,108,688,346,car,0.54,N/A,2
135,97,1237,672,1560,1073,car,0.28,N/A,2
135,95,1553,179,1914,461,truck,0.43,N/A,2
135,87,1211,147,1431,489,car,0.57,N/A,2
135,54,1210,1,1388,182,truck,0.32,N/A,2
135,6,999,0,1154,175,car,0.54,N/A,2
135,5,711,57,950,333,truck,0.46,N/A,2
135,2,187,108,689,345,car,0.61,N/A,2
136,87,1211,149,1431,493,car,0.59,N/A,2
136,6,999,0,1153,175,car,0.54,N/A,2
136,5,713,56,950,332,truck,0.48,N/A,2
136,2,186,108,688,346,car,0.61,N/A,2
137,87,1212,151,1432,497,car,0.58,N/A,2
137,6,998,0,1153,175,car,0.56,N/A,2
137,5,714,55,950,332,truck,0.49,N/A,2
137,2,184,108,687,346,car,0.66,N/A,2
138,100,1218,0,1384,184,car,0.46,N/A,2
138,87,1212,151,1433,499,car,0.53,N/A,2
138,6,998,0,1153,175,car,0.55,N/A,2
138,5,711,56,949,332,truck,0.46,N/A,2
138,2,183,108,687,346,car,0.6,N/A,2
139,100,1217,1,1386,188,car,0.52,N/A,2
139,95,1541,159,1904,431,truck,0.39,N/A,2
139,87,1212,153,1433,501,car,0.53,N/A,2
139,6,997,0,1153,175,car,0.59,N/A,2
139,5,712,55,949,333,truck,0.49,N/A,2
139,2,184,108,687,346,car,0.6,N/A,2
140,100,1218,2,1388,191,car,0.52,N/A,2
140,95,1532,153,1896,420,truck,0.53,N/A,2
140,87,1212,154,1433,504,car,0.56,N/A,2
140,6,996,0,1153,175,car,0.61,N/A,2
140,5,712,55,949,333,truck,0.47,N/A,2
140,2,183,108,687,347,car,0.62,N/A,2
141,100,1217,2,1388,193,car,0.52,N/A,2
141,99,1529,150,1889,413,car,0.51,N/A,2
141,95,1531,150,1892,413,truck,0.46,N/A,2
141,87,1210,157,1432,509,car,0.52,N/A,2
141,6,998,0,1154,175,car,0.56,N/A,2
141,5,709,56,948,333,truck,0.47,N/A,2
141,2,184,108,688,348,car,0.5,N/A,2
142,100,1216,2,1390,196,car,0.38,N/A,2
142,99,1525,147,1881,406,car,0.39,N/A,2
142,95,1526,146,1885,407,truck,0.5,N/A,2
142,87,1211,159,1434,513,car,0.55,N/A,2
142,6,999,0,1155,175,car,0.55,N/A,2
142,5,710,57,949,334,truck,0.51,N/A,2
142,2,184,108,687,347,car,0.6,N/A,2
143,100,1212,1,1391,199,car,0.46,N/A,2
143,99,1519,141,1873,398,truck,0.56,N/A,2
143,87,1209,160,1433,515,car,0.47,N/A,2
143,6,999,0,1154,175,car,0.55,N/A,2
143,2,185,108,687,346,car,0.64,N/A,2
144,101,-1,483,112,709,person,0.49,N/A,2
144,100,1207,1,1389,201,car,0.63,N/A,2
144,99,1516,137,1865,391,truck,0.58,N/A,2
144,87,1195,162,1429,521,car,0.53,N/A,2
144,6,998,0,1154,176,car,0.58,N/A,2
144,2,186,108,688,346,car,0.6,N/A,2
145,103,717,54,949,335,truck,0.54,N/A,2
145,101,-1,480,112,708,person,0.52,N/A,2
145,100,1207,1,1389,203,car,0.58,N/A,2
145,99,1515,133,1862,384,car,0.35,N/A,2
145,87,1185,164,1428,526,car,0.48,N/A,2
145,6,999,0,1154,176,car,0.54,N/A,2
145,2,186,108,688,346,car,0.64,N/A,2
146,103,717,55,949,335,truck,0.53,N/A,2
146,101,0,476,112,705,person,0.64,N/A,2
146,100,1206,1,1388,204,car,0.6,N/A,2
146,99,1514,130,1859,382,truck,0.49,N/A,2
146,87,1196,166,1435,531,car,0.46,N/A,2
146,6,999,0,1154,175,car,0.54,N/A,2
146,2,185,108,687,346,car,0.66,N/A,2
147,101,0,471,113,697,person,0.71,N/A,2
147,100,1204,1,1388,206,car,0.58,N/A,2
147,99,1509,122,1850,372,car,0.46,N/A,2
147,87,1198,169,1435,536,car,0.46,N/A,2
147,6,999,0,1153,176,car,0.55,N/A,2
147,2,185,108,687,346,car,0.65,N/A,2
148,101,2,465,115,683,person,0.61,N/A,2
148,100,1207,1,1391,208,car,0.41,N/A,2
148,99,1506,118,1841,364,truck,0.54,N/A,2
148,87,1182,175,1430,547,car,0.49,N/A,2
148,6,999,0,1153,176,car,0.51,N/A,2
148,2,186,108,688,346,car,0.53,N/A,2
149,101,3,464,116,674,person,0.65,N/A,2
149,100,1208,2,1391,210,car,0.49,N/A,2
149,99,1500,114,1833,358,truck,0.58,N/A,2
149,87,1175,178,1430,553,car,0.61,N/A,2
149,6,998,0,1153,176,car,0.49,N/A,2
149,2,185,108,688,346,car,0.51,N/A,2
150,103,715,56,949,334,truck,0.56,N/A,2
150,101,1,462,115,670,person,0.61,N/A,2
150,100,1210,2,1391,211,car,0.44,N/A,2
150,99,1497,110,1825,351,car,0.37,N/A,2
150,87,1182,176,1436,554,car,0.48,N/A,2
150,6,1000,0,1153,176,car,0.52,N/A,2
150,2,186,108,688,346,car,0.55,N/A,2
151,105,1493,111,1815,340,car,0.42,N/A,2
151,103,715,57,949,334,truck,0.55,N/A,2
151,101,0,460,113,667,person,0.44,N/A,2
151,100,1214,2,1393,211,car,0.52,N/A,2
151,99,1493,107,1817,344,truck,0.43,N/A,2
151,87,1184,176,1437,552,car,0.51,N/A,2
151,6,1000,0,1153,176,car,0.52,N/A,2
151,2,188,108,689,346,car,0.6,N/A,2
152,103,715,58,949,334,truck,0.6,N/A,2
152,101,0,457,113,664,person,0.53,N/A,2
152,100,1216,1,1393,212,truck,0.31,N/A,2
152,99,1489,104,1811,339,truck,0.52,N/A,2
152,87,1187,179,1437,556,car,0.39,N/A,2
152,6,1000,0,1153,176,car,0.51,N/A,2
152,2,187,108,689,346,car,0.6,N/A,2
153,103,715,58,949,334,truck,0.57,N/A,2
153,101,0,455,114,661,person,0.61,N/A,2
153,100,1217,1,1393,213,car,0.46,N/A,2
153,99,1485,100,1806,333,car,0.38,N/A,2
153,87,1195,182,1440,558,car,0.38,N/A,2
153,6,1000,0,1153,176,car,0.52,N/A,2
153,2,185,108,688,346,car,0.51,N/A,2
154,103,715,58,950,334,truck,0.57,N/A,2
154,101,0,455,115,661,person,0.43,N/A,2
154,100,1215,1,1393,214,car,0.51,N/A,2
154,99,1482,96,1799,325,car,0.56,N/A,2
154,87,1200,184,1440,559,car,0.51,N/A,2
154,2,182,109,689,348,car,0.52,N/A,2
155,105,1482,94,1788,315,car,0.63,N/A,2
155,103,715,58,950,335,truck,0.58,N/A,2
155,101,0,454,116,661,person,0.7,N/A,2
155,100,1214,1,1392,216,car,0.46,N/A,2
155,87,1202,186,1440,561,car,0.38,N/A,2
155,2,182,109,689,348,car,0.53,N/A,2
156,109,996,0,1153,180,car,0.43,N/A,2
156,105,1477,90,1778,308,car,0.69,N/A,2
156,103,715,59,950,335,truck,0.59,N/A,2
156,101,0,452,116,660,person,0.7,N/A,2
156,100,1214,1,1391,217,car,0.38,N/A,2
156,87,1203,188,1439,564,car,0.51,N/A,2
156,2,183,109,690,347,car,0.65,N/A,2
157,109,996,0,1152,180,car,0.44,N/A,2
157,105,1474,85,1774,302,car,0.62,N/A,2
157,103,716,59,950,334,truck,0.63,N/A,2
157,101,0,448,116,657,person,0.7,N/A,2
157,100,1211,1,1390,220,car,0.48,N/A,2
157,87,1205,190,1439,566,car,0.57,N/A,2
157,2,185,108,691,347,car,0.55,N/A,2
158,105,1470,79,1767,295,car,0.61,N/A,2
158,103,715,58,950,334,truck,0.56,N/A,2
158,101,0,445,117,655,person,0.65,N/A,2
158,100,1213,0,1392,218,car,0.47,N/A,2
158,87,1205,195,1439,572,car,0.61,N/A,2
158,2,186,108,691,347,car,0.63,N/A,2
159,111,1000,0,1152,176,car,0.55,N/A,2
159,105,1467,75,1761,289,car,0.61,N/A,2
159,103,715,58,950,334,truck,0.48,N/A,2
159,101,0,441,118,652,person,0.6,N/A,2
159,100,1212,0,1392,221,car,0.52,N/A,2
159,87,1206,197,1441,577,car,0.59,N/A,2
159,2,186,108,690,346,car,0.61,N/A,2
160,111,999,0,1153,176,car,0.56,N/A,2
160,105,1464,69,1756,282,car,0.56,N/A,2
160,103,714,56,950,333,truck,0.48,N/A,2
160,101,0,439,119,650,person,0.58,N/A,2
160,100,1208,1,1391,224,car,0.47,N/A,2
160,87,1206,199,1441,581,car,0.59,N/A,2
160,2,186,107,689,345,car,0.73,N/A,2
161,111,996,0,1153,177,car,0.57,N/A,2
161,105,1461,62,1750,273,car,0.62,N/A,2
161,101,0,437,119,651,person,0.71,N/A,2
161,100,1210,0,1394,224,car,0.44,N/A,2
161,87,1208,201,1443,583,car,0.62,N/A,2
161,2,189,107,691,343,car,0.6,N/A,2
162,111,996,0,1154,177,car,0.58,N/A,2
162,105,1457,57,1743,266,car,0.65,N/A,2
162,101,0,434,119,650,person,0.44,N/A,2
162,100,1212,0,1396,224,car,0.52,N/A,2
162,87,1207,205,1442,592,car,0.61,N/A,2
162,2,190,106,690,342,car,0.64,N/A,2
163,113,711,53,950,334,truck,0.43,N/A,2
163,112,1804,180,1891,335,person,0.36,N/A,2
163,111,997,0,1155,177,car,0.57,N/A,2
163,105,1452,53,1737,260,car,0.54,N/A,2
163,101,0,430,117,645,person,0.31,N/A,2
163,100,1207,2,1394,231,car,0.6,N/A,2
163,87,1205,206,1442,597,car,0.58,N/A,2
163,2,189,107,688,343,car,0.69,N/A,2
164,113,711,55,950,334,truck,0.47,N/A,2
164,112,1801,171,1880,306,person,0.28,N/A,2
164,111,999,0,1155,176,car,0.56,N/A,2
164,105,1448,51,1730,256,car,0.6,N/A,2
164,101,0,425,115,633,person,0.42,N/A,2
164,100,1211,1,1396,232,car,0.49,N/A,2
164,87,1206,209,1444,600,car,0.52,N/A,2
164,2,189,108,688,345,car,0.66,N/A,2
165,116,349,2,642,101,car,0.31,N/A,2
165,113,712,54,950,334,truck,0.48,N/A,2
165,112,1800,165,1873,289,person,0.38,N/A,2
165,111,998,0,1155,177,car,0.59,N/A,2
165,105,1446,47,1725,249,car,0.48,N/A,2
165,101,1,422,114,626,person,0.28,N/A,2
165,100,1212,1,1397,233,car,0.46,N/A,2
165,87,1206,211,1444,602,car,0.78,N/A,2
165,2,189,108,687,345,car,0.66,N/A,2
166,113,714,54,950,333,car,0.28,N/A,2
166,112,1801,159,1865,269,person,0.29,N/A,2
166,111,997,0,1154,177,car,0.52,N/A,2
166,105,1444,44,1720,244,car,0.58,N/A,2
166,101,0,417,112,619,person,0.31,N/A,2
166,100,1214,1,1398,235,car,0.45,N/A,2
166,87,1207,213,1445,604,car,0.75,N/A,2
166,2,189,107,688,342,car,0.55,N/A,2
167,113,715,53,950,332,truck,0.55,N/A,2
167,111,995,0,1153,176,car,0.51,N/A,2
167,105,1440,40,1713,239,car,0.69,N/A,2
167,100,1216,0,1398,235,car,0.53,N/A,2
167,87,1207,215,1446,608,car,0.75,N/A,2
167,2,188,106,688,341,car,0.47,N/A,2
168,113,715,52,949,331,truck,0.56,N/A,2
168,111,996,0,1153,175,car,0.5,N/A,2
168,105,1439,34,1710,233,car,0.68,N/A,2
168,100,1219,0,1398,236,car,0.53,N/A,2
168,87,1204,219,1445,613,car,0.73,N/A,2
168,2,184,106,687,341,car,0.46,N/A,2
169,113,714,52,949,331,truck,0.57,N/A,2
169,111,996,0,1153,174,car,0.51,N/A,2
169,105,1438,28,1707,226,car,0.76,N/A,2
169,101,0,411,110,612,person,0.3,N/A,2
169,100,1218,0,1397,237,car,0.58,N/A,2
169,87,1206,222,1447,618,car,0.69,N/A,2
169,2,183,106,687,342,car,0.43,N/A,2
170,113,714,52,948,331,truck,0.55,N/A,2
170,111,996,0,1153,174,car,0.5,N/A,2
170,105,1434,24,1701,220,car,0.67,N/A,2
170,101,0,412,109,611,person,0.45,N/A,2
170,100,1219,1,1397,238,truck,0.44,N/A,2
170,87,1207,226,1448,625,car,0.6,N/A,2
170,2,185,105,688,341,car,0.43,N/A,2
171,113,714,52,949,331,truck,0.55,N/A,2
171,111,996,0,1153,174,car,0.49,N/A,2
171,105,1430,21,1695,215,car,0.7,N/A,2
171,101,0,410,107,611,person,0.48,N/A,2
171,100,1218,1,1397,240,truck,0.36,N/A,2
171,87,1207,229,1449,629,car,0.44,N/A,2
171,2,181,105,687,341,car,0.47,N/A,2
172,113,715,52,948,331,truck,0.57,N/A,2
172,111,997,0,1153,173,car,0.52,N/A,2
172,105,1429,17,1689,209,car,0.69,N/A,2
172,101,-1,408,106,611,person,0.52,N/A,2
172,87,1206,233,1450,634,car,0.67,N/A,2
172,2,182,106,689,341,car,0.51,N/A,2
173,113,715,51,948,330,truck,0.61,N/A,2
173,111,997,0,1154,173,car,0.54,N/A,2
173,105,1426,11,1683,204,car,0.63,N/A,2
173,101,-1,406,104,611,person,0.53,N/A,2
173,87,1204,236,1449,641,car,0.68,N/A,2
173,2,182,106,690,342,car,0.55,N/A,2
174,113,713,51,947,331,truck,0.56,N/A,2
174,111,997,0,1154,173,car,0.53,N/A,2
174,105,1419,7,1675,197,car,0.56,N/A,2
174,101,-1,405,103,612,person,0.63,N/A,2
174,87,1204,239,1450,647,car,0.56,N/A,2
174,2,184,106,690,341,car,0.57,N/A,2
175,113,711,50,947,330,truck,0.67,N/A,2
175,111,997,0,1154,173,car,0.55,N/A,2
175,105,1417,3,1669,192,car,0.64,N/A,2
175,101,0,402,103,609,person,0.68,N/A,2
175,100,1218,5,1398,250,car,0.54,N/A,2
175,87,1205,239,1451,649,car,0.64,N/A,2
175,2,185,105,690,340,car,0.56,N/A,2
176,113,712,50,948,331,truck,0.71,N/A,2
176,111,996,0,1154,173,car,0.56,N/A,2
176,105,1415,0,1665,187,car,0.72,N/A,2
176,101,0,399,102,606,person,0.54,N/A,2
176,100,1216,5,1399,253,car,0.56,N/A,2
176,87,1206,241,1453,653,car,0.56,N/A,2
176,2,187,105,690,340,car,0.57,N/A,2
177,113,711,51,948,332,truck,0.52,N/A,2
177,111,996,0,1154,173,car,0.58,N/A,2
177,105,1418,-1,1662,181,car,0.77,N/A,2
177,101,0,399,103,606,person,0.67,N/A,2
177,100,1215,6,1398,256,car,0.62,N/A,2
177,87,1207,245,1455,658,car,0.6,N/A,2
177,2,232,106,709,342,car,0.51,N/A,2
178,113,713,53,949,333,truck,0.52,N/A,2
178,111,996,0,1154,175,car,0.51,N/A,2
178,105,1419,-1,1656,177,car,0.73,N/A,2
178,101,0,398,101,606,person,0.61,N/A,2
178,100,1217,7,1399,258,car,0.62,N/A,2
178,87,1207,248,1456,662,car,0.62,N/A,2
178,2,209,106,692,341,car,0.58,N/A,2
179,113,715,54,950,334,truck,0.51,N/A,2
179,111,996,0,1154,176,car,0.52,N/A,2
179,105,1410,-1,1647,172,car,0.78,N/A,2
179,101,-1,396,100,606,person,0.5,N/A,2
179,100,1214,9,1398,261,car,0.67,N/A,2
179,87,1208,251,1459,666,car,0.62,N/A,2
179,2,198,106,685,342,car,0.63,N/A,2
180,113,713,54,949,334,truck,0.59,N/A,2
180,111,997,0,1154,176,car,0.57,N/A,2
180,105,1407,-2,1642,168,car,0.69,N/A,2
180,101,-1,393,97,605,person,0.56,N/A,2
180,100,1211,11,1397,264,car,0.64,N/A,2
180,87,1209,255,1461,672,car,0.49,N/A,2
180,2,195,108,685,343,car,0.66,N/A,2
181,113,712,53,948,334,truck,0.58,N/A,2
181,111,997,0,1154,176,car,0.57,N/A,2
181,105,1405,-2,1637,164,car,0.74,N/A,2
181,101,-1,388,95,595,person,0.65,N/A,2
181,100,1209,14,1397,268,car,0.66,N/A,2
181,87,1208,259,1462,680,car,0.55,N/A,2
181,2,192,107,684,343,car,0.68,N/A,2
182,113,715,53,950,334,truck,0.53,N/A,2
182,111,997,0,1154,177,car,0.57,N/A,2
182,105,1403,-1,1631,160,car,0.75,N/A,2
182,101,-1,383,94,592,person,0.64,N/A,2
182,100,1210,15,1399,269,car,0.67,N/A,2
182,87,1207,263,1462,687,car,0.61,N/A,2
182,2,190,108,685,343,car,0.67,N/A,2
183,125,340,2,643,104,car,0.34,N/A,2
183,113,716,53,950,334,truck,0.5,N/A,2
183,111,997,0,1154,177,car,0.59,N/A,2
183,105,1400,-3,1625,153,car,0.67,N/A,2
183,101,-1,379,93,585,person,0.63,N/A,2
183,100,1213,17,1400,270,car,0.66,N/A,2
183,87,1207,267,1463,695,car,0.43,N/A,2
183,2,189,108,685,344,car,0.67,N/A,2
184,125,340,1,643,104,car,0.35,N/A,2
184,113,715,53,949,334,truck,0.53,N/A,2
184,111,998,0,1154,177,car,0.58,N/A,2
184,105,1399,-3,1621,148,car,0.59,N/A,2
184,101,0,378,92,585,person,0.42,N/A,2
184,100,1214,19,1400,275,car,0.64,N/A,2
184,87,1208,269,1468,700,car,0.63,N/A,2
184,2,188,108,685,344,car,0.67,N/A,2
185,125,340,1,642,103,car,0.34,N/A,2
185,113,715,53,949,334,truck,0.53,N/A,2
185,111,998,0,1154,177,car,0.6,N/A,2
185,105,1400,-1,1618,146,car,0.61,N/A,2
185,101,0,370,93,577,person,0.48,N/A,2
185,100,1214,20,1400,278,car,0.62,N/A,2
185,87,1207,273,1468,707,car,0.45,N/A,2
185,2,188,108,686,344,car,0.69,N/A,2
186,125,344,1,644,102,car,0.29,N/A,2
186,113,714,53,947,334,truck,0.62,N/A,2
186,111,998,0,1153,177,car,0.56,N/A,2
186,105,1397,-1,1611,142,car,0.59,N/A,2
186,101,0,363,92,571,person,0.55,N/A,2
186,100,1215,20,1401,277,car,0.6,N/A,2
186,87,1204,278,1467,715,car,0.58,N/A,2
186,2,187,108,687,344,car,0.62,N/A,2
187,125,353,1,646,99,car,0.31,N/A,2
187,124,1675,64,1731,175,person,0.34,N/A,2
187,113,713,54,946,334,truck,0.59,N/A,2
187,111,998,0,1153,178,car,0.5,N/A,2
187,105,1392,-3,1604,133,car,0.68,N/A,2
187,101,0,361,92,569,person,0.54,N/A,2
187,100,1217,22,1402,278,car,0.63,N/A,2
187,87,1201,283,1467,724,car,0.6,N/A,2
187,2,186,109,687,345,car,0.65,N/A,2
188,125,359,1,646,97,car,0.32,N/A,2
188,113,712,54,946,334,truck,0.6,N/A,2
188,111,999,0,1153,178,car,0.51,N/A,2
188,105,1388,-3,1597,127,car,0.79,N/A,2
188,100,1217,23,1401,278,car,0.69,N/A,2
188,87,1203,284,1468,726,car,0.71,N/A,2
188,2,186,109,688,345,car,0.66,N/A,2
189,125,365,1,646,95,car,0.31,N/A,2
189,113,713,54,946,334,truck,0.61,N/A,2
189,111,999,0,1153,178,car,0.55,N/A,2
189,105,1385,-3,1591,121,car,0.75,N/A,2
189,100,1215,25,1401,284,car,0.71,N/A,2
189,87,1204,286,1470,730,car,0.69,N/A,2
189,2,186,109,688,345,car,0.7,N/A,2
190,113,712,55,946,334,truck,0.55,N/A,2
190,111,999,0,1153,178,car,0.55,N/A,2
190,105,1383,-2,1586,118,car,0.66,N/A,2
190,100,1212,28,1399,288,car,0.62,N/A,2
190,87,1204,290,1471,738,car,0.68,N/A,2
190,2,186,108,688,345,car,0.69,N/A,2
191,113,712,55,946,334,truck,0.6,N/A,2
191,111,1000,0,1153,178,truck,0.42,N/A,2
191,105,1383,-1,1583,114,car,0.68,N/A,2
191,100,1212,30,1400,290,car,0.62,N/A,2
191,87,1203,293,1471,745,car,0.67,N/A,2
191,2,187,109,689,344,car,0.67,N/A,2
192,113,713,55,947,333,truck,0.59,N/A,2
192,111,1000,0,1153,177,truck,0.36,N/A,2
192,105,1378,-2,1578,106,car,0.6,N/A,2
192,100,1217,31,1404,291,car,0.6,N/A,2
192,87,1203,297,1472,754,car,0.57,N/A,2
192,2,187,108,689,343,car,0.72,N/A,2
193,125,346,2,645,98,car,0.3,N/A,2
193,113,713,54,947,333,truck,0.6,N/A,2
193,111,1000,0,1153,177,car,0.55,N/A,2
193,105,1372,-1,1571,102,truck,0.35,N/A,2
193,100,1213,33,1403,292,car,0.62,N/A,2
193,87,1204,297,1472,756,car,0.67,N/A,2
193,2,187,108,689,343,car,0.66,N/A,2
194,125,344,2,646,101,car,0.29,N/A,2
194,113,712,55,946,333,truck,0.63,N/A,2
194,111,1001,0,1153,177,truck,0.38,N/A,2
194,105,1366,0,1565,100,truck,0.31,N/A,2
194,100,1207,36,1401,296,car,0.64,N/A,2
194,87,1205,300,1476,758,car,0.73,N/A,2
194,2,187,108,689,343,car,0.64,N/A,2
195,125,344,1,647,99,car,0.31,N/A,2
195,113,713,54,947,333,truck,0.63,N/A,2
195,111,1001,0,1153,177,truck,0.37,N/A,2
195,100,1206,37,1401,299,car,0.65,N/A,2
195,87,1204,304,1476,763,car,0.64,N/A,2
195,2,187,108,689,342,car,0.72,N/A,2
196,133,1357,0,1566,90,car,0.51,N/A,2
196,130,999,0,1152,177,car,0.57,N/A,2
196,125,348,1,649,99,car,0.3,N/A,2
196,113,713,54,947,332,truck,0.57,N/A,2
196,100,1204,40,1401,304,car,0.65,N/A,2
196,87,1205,308,1476,769,car,0.51,N/A,2
196,2,187,109,689,342,car,0.67,N/A,2
197,133,1375,0,1563,82,car,0.64,N/A,2
197,132,0,358,91,563,person,0.68,N/A,2
197,131,327,36,714,197,car,0.3,N/A,2
197,130,999,0,1152,177,car,0.55,N/A,2
197,125,344,1,647,98,car,0.29,N/A,2
197,113,713,54,947,333,truck,0.62,N/A,2
197,100,1206,41,1403,305,car,0.55,N/A,2
197,87,1205,312,1476,775,car,0.51,N/A,2
197,2,187,109,689,343,car,0.64,N/A,2
198,133,1379,0,1557,78,car,0.52,N/A,2
198,132,0,355,90,562,person,0.68,N/A,2
198,131,328,37,714,197,car,0.29,N/A,2
198,130,999,0,1152,177,car,0.52,N/A,2
198,125,344,1,647,97,car,0.29,N/A,2
198,113,713,55,946,333,truck,0.62,N/A,2
198,100,1206,40,1402,303,car,0.62,N/A,2
198,87,1204,317,1477,782,car,0.48,N/A,2
198,2,186,109,689,343,car,0.65,N/A,2
199,133,1386,0,1551,74,car,0.66,N/A,2
199,132,-1,354,89,561,person,0.62,N/A,2
199,131,321,35,712,197,car,0.26,N/A,2
199,130,998,0,1152,177,car,0.55,N/A,2
199,125,342,1,645,96,car,0.28,N/A,2
199,113,713,54,946,333,truck,0.56,N/A,2
199,111,999,0,1152,178,truck,0.36,N/A,2
199,100,1203,41,1400,305,car,0.67,N/A,2
199,87,1203,321,1477,788,car,0.7,N/A,2
199,2,186,109,689,343,car,0.69,N/A,2
200,133,1381,0,1545,73,car,0.46,N/A,2
200,132,0,357,90,564,person,0.42,N/A,2
200,130,998,0,1152,178,car,0.59,N/A,2
200,113,714,57,947,334,truck,0.52,N/A,2
200,100,1209,43,1402,307,car,0.67,N/A,2
200,87,1204,324,1478,794,car,0.59,N/A,2
200,2,186,109,689,344,car,0.64,N/A,2
201,133,1383,1,1542,71,truck,0.37,N/A,2
201,130,997,0,1152,178,car,0.56,N/A,2
201,113,713,56,947,333,truck,0.56,N/A,2
201,100,1214,45,1403,309,car,0.63,N/A,2
201,87,1202,329,1479,802,car,0.7,N/A,2
201,2,185,109,688,344,car,0.64,N/A,2
202,133,1388,0,1538,65,truck,0.3,N/A,2
202,130,996,0,1152,178,car,0.56,N/A,2
202,113,713,55,947,332,truck,0.57,N/A,2
202,100,1214,46,1402,310,car,0.56,N/A,2
202,87,1201,331,1480,806,car,0.49,N/A,2
202,2,184,109,687,345,car,0.68,N/A,2
203,130,996,0,1152,178,car,0.59,N/A,2
203,113,712,55,946,333,truck,0.58,N/A,2
203,100,1209,49,1401,314,car,0.49,N/A,2
203,87,1195,342,1479,832,car,0.5,N/A,2
203,2,185,109,687,345,car,0.64,N/A,2
204,130,996,0,1152,178,car,0.56,N/A,2
204,113,712,56,946,333,truck,0.6,N/A,2
204,100,1207,50,1400,316,car,0.57,N/A,2
204,87,1192,347,1480,849,car,0.44,N/A,2
204,2,184,109,686,344,car,0.65,N/A,2
205,130,995,0,1152,179,car,0.57,N/A,2
205,113,711,56,946,333,truck,0.58,N/A,2
205,100,1206,51,1401,317,car,0.49,N/A,2
205,2,184,109,687,345,car,0.63,N/A,2
206,130,995,0,1152,179,car,0.59,N/A,2
206,113,711,55,946,333,truck,0.59,N/A,2
206,100,1202,53,1399,320,car,0.56,N/A,2
206,2,183,109,686,345,car,0.64,N/A,2
207,138,1199,349,1488,844,car,0.52,N/A,2
207,130,995,0,1153,179,car,0.55,N/A,2
207,113,712,57,948,334,truck,0.64,N/A,2
207,100,1200,56,1398,322,car,0.63,N/A,2
207,2,183,109,687,345,car,0.54,N/A,2
208,138,1199,357,1492,864,car,0.48,N/A,2
208,132,-1,348,77,540,person,0.32,N/A,2
208,130,995,0,1153,179,car,0.52,N/A,2
208,113,713,58,948,334,truck,0.65,N/A,2
208,100,1200,60,1398,328,car,0.61,N/A,2
208,2,184,108,688,344,car,0.53,N/A,2
209,138,1197,359,1494,872,car,0.4,N/A,2
209,132,-2,344,73,534,person,0.36,N/A,2
209,130,995,0,1153,178,car,0.55,N/A,2
209,113,713,58,948,334,truck,0.6,N/A,2
209,100,1202,62,1399,330,car,0.61,N/A,2
209,2,185,108,688,344,car,0.61,N/A,2
